<?xml version="1.0" encoding="utf-8"?>
<extension version="1.6.0" client="site" type="module" method="upgrade">
    <name>Rapid Contact</name>
    <author>Christopher Mavros</author>
    <creationDate>March 2011</creationDate>
    <copyright>Copyright (C) 2009-2011 Christopher Mavros. All rights reserved.</copyright>
    <license>GNU General Public License</license>
    <authorEmail>mavrosxristoforos@gmail.com</authorEmail>
    <authorUrl>http://www.mavrosxristoforos.com/</authorUrl>
    <version>1.2</version>
    <description>Rapid Contact. Lightweight, fast and easy, configuring a contact form, was never a pleasure before.</description>
    <files>
        <filename module="mod_rapid_contact">mod_rapid_contact.php</filename>
    </files>
    <config><fields name="params"><fieldset name="basic">
        <field name="spacert1" type="spacer" class="text" label="&lt;strong&gt;Email Parameters&lt;/strong&gt;"/> 
        <field name="email_recipient"
        type="text"
        default="email@email.com"
        label="Email Recipient"        
        description="The recipient of the contact mail." />         
        <field name="from_name"
        type="text"
        default="Rapid Contact"
        label="Mail From Name"
        description="The name of the message's sender" />
        <field name="from_email"
        type="text"
        default="rapid_contact@yoursite.com"
        label="Mail From Email"
        description="The email of the message's sender" />          

        <field name="spacer1" type="spacer" hr="true"/>
        <field name="spacert2" type="spacer" class="text" label="&lt;strong&gt;Text Parameters&lt;/strong&gt;"/>  
        <field name="email_label"
        type="text"
        default="Email:"
        label="Email Label"
        description="The label next to the email input." />        
        <field name="subject_label"
        type="text"
        default="Subject:"
        label="Subject Label"
        description="The label next to the subject input." />
        <field name="message_label"
        type="text"
        default="Message:"
        label="Message Label"
        description="The label next to the message text area." />  
        <field name="button_text"
        type="text"
        default="Send Message"
        label="Button Text"
        description="The text on the send button" /> 
        <field name="page_text"
        type="text"
        default="Thank you for your contact."
        label="Thank you text"
        description="The text displayed to the user when he sends a message" /> 
        <field name="error_text"
        type="text"
        default="Your message could not be sent. Please try again."
        label="Error page text"
        description="The text displayed to the user when the message fails to be sent" />           
        <field name="no_email"
        type="text"
        default="Please write your email"
        label="No Email Error Message"
        description="The error message when the user does not write an email" />
        <field name="invalid_email"
        type="text"
        default="Please write a valid email"
        label="Invalid Email Error Message"
        description="The error message when the user writes an invalid email" />
        <field name="wrong_antispam"
        type="text"
        default="Wrong Anti-Spam Answer"
        label="Wrong Anti-Spam Text"
        description="The text to show when the user fails to pass the anti-spam check"/>
        <field name="pre_text"
        type="text"
        default=""
        label="Small Intro Text"
        description="A small text shown before (above) the message form. HTML is welcome!" />        
        
        <field name="spacer2" type="spacer" hr="true"/>
        <field name="spacert3" type="spacer" class="text" label="&lt;strong&gt;Size and Color Parameters&lt;/strong&gt;"/>
        <field name="thank_text_color"
        type="text"
        default="#FF0000"
        label="Text Color"
        description="The color of the Thank you text." />  
        <field name="error_text_color"
        type="text"
        default="#FF0000"
        label="Error Text Color"
        description="The color of the Error text." />          
        <field name="email_width"
        type="text"
        default="15"
        label="Email Width"
        description="Width in letters of the email input" />         
        <field name="subject_width"
        type="text"
        default="15"
        label="Subject Width"
        description="Width in letters of the subject input" />
        <field name="message_width"
        type="text"
        default="13"
        label="Message Width"
        description="Width in columns of the message textarea" />        
        <field name="button_width"
        type="text"
        default="100"
        label="Button Width"
        description="Width in percent of the send button" />     
        <field name="label_pos"
        type="radio" default="0"
        label="Label Position"
        description="The position of the labels relative to the inputboxes">
          <option value="0">Left</option>
          <option value="1">Top</option>
        </field>
        <field name="addcss"
        type="text"
        default="div.rapid_contact tr, div.rapid_contact td { border: none; padding: 3px; }"
        label="Custom CSS"
        description="Custom CSS for the form." />          
        
        <field name="spacer3" type="spacer" hr="true"/>
        <field name="spacert4" type="spacer" class="text" label="&lt;strong&gt;URL Parameters&lt;/strong&gt;"/>
        <field name="exact_url"
        type="radio"
        default="1"
        label="Exact URL"
        description="This is an advanced option about the url retrieval way. If your site is http and your server/host supports https this should be No.">
            <option value="0">No</option>
            <option value="1">Yes</option>
        </field>     
        <field name="disable_https"
        type="radio"
        default="1"
        label="Disable HTTPS"
        description="This is an advanced option about the url retrieval way. Please enable it if Rapid Contact posts in https and your site is http.">
            <option value="0">No</option>
            <option value="1">Yes</option>
        </field>       
        <field name="fixed_url"
        type="radio"
        default="0"
        label="Fixed URL"
        description="A simple solution to people that want to use Rapid Contact in an exact page. Change this to Yes and write the URL of Rapid Contact in the Fixed URL Address parameter">
            <option value="0">No</option>
            <option value="1">Yes</option>        
        </field>        
        <field name="fixed_url_address"
        type="text"
        default=""
        label="Fixed URL Address"
        description="If fixed url is true, this address is used for Rapid Contact to post itself."/>   
        
        <field name="spacer4" type="spacer" hr="true"/>
        <field name="spacert5" type="spacer" class="text" label="&lt;strong&gt;Anti-spam Parameters&lt;/strong&gt;"/>   
        <field name="enable_anti_spam"
        type="radio"
        default="1"
        label="Enable Anti-spam"
        description="Enable this to use the anti-spam question for anti-spam control">
            <option value="0">No</option>
            <option value="1">Yes</option>
        </field>          
        <field name="anti_spam_q"
               type="text"
               default="How many eyes has a typical person?"
               label="Anti-Spam Question"
               description="A small text question, preventing you from every automated spam" />
        <field name="anti_spam_a"
               type="text"
               default="2"
               label="Anti-Spam Answer"
               description="The correct answer to the anti-spam question" />    
        <field name="anti_spam_position"
        type="radio"
        default="0"
        label="Anti-Spam Position"
        description="The anti-spam position, relative to the Rapid Contact form.">
            <option value="0">Before</option>
            <option value="1">After</option>        
        </field>                   
               
        <field name="spacer5" type="spacer" hr="true"/> 
        <field name="spacert6" type="spacer" class="text" label="&lt;strong&gt;Module Class Suffix Parameter&lt;/strong&gt;"/>
        <field name="moduleclass_sfx"
        type="text"
        default=""
        label="Module Class Suffix"
        description="If you want to apply a custom style, change this class suffix." />                  
    </fieldset>
		<fieldset name="advanced">
		  <field name="cache" type="list"
		  default="1" label="Caching"
		  description="Select whether to cache the content of this module">
		    <option value="1">Use global</option>
		    <option value="0">No caching</option>
		  </field>
		  <field name="cache_time" type="text"
		  default="900" label="Cache Time"
		  description="The time before the module is recached" />
		</fieldset></fields></config>     
</extension>